timestamp,source_ip,destination_ip,protocol,packet_length
2025-04-20 21:05:23,192.168.1.1,192.168.1.100,TCP,512
2025-04-20 21:05:28,192.168.1.1,192.168.1.100,TCP,512
2025-04-20 21:05:33,192.168.1.1,192.168.1.100,TCP,512
2025-04-20 21:05:38,192.168.1.1,192.168.1.100,TCP,512
2025-04-20 21:05:43,192.168.1.1,192.168.1.100,TCP,512
2025-04-20 21:05:48,192.168.1.1,192.168.1.100,TCP,512
2025-04-20 21:06:58,192.168.1.1,192.168.1.100,TCP,512
2025-04-20 21:07:03,192.168.1.1,192.168.1.100,TCP,512
2025-04-20 21:07:08,192.168.1.1,192.168.1.100,TCP,512
2025-04-20 21:07:13,192.168.1.1,192.168.1.100,TCP,512
2025-04-20 21:07:18,192.168.1.1,192.168.1.100,TCP,512
2025-04-20 21:07:23,192.168.1.1,192.168.1.100,TCP,512
2025-04-20 21:07:28,192.168.1.1,192.168.1.100,TCP,512
2025-04-20 21:07:33,192.168.1.1,192.168.1.100,TCP,512
2025-04-20 21:07:38,192.168.1.1,192.168.1.100,TCP,512
2025-04-20 21:07:43,192.168.1.1,192.168.1.100,TCP,512
2025-04-20 21:07:48,192.168.1.1,192.168.1.100,TCP,512
2025-04-20 21:07:53,192.168.1.1,192.168.1.100,TCP,512
2025-04-20 21:15:02,192.168.1.1,192.168.1.100,TCP,512
2025-04-20 21:15:07,192.168.1.1,192.168.1.100,TCP,512
2025-04-20 21:17:20,192.168.1.1,192.168.1.100,TCP,512
2025-04-20 21:17:25,192.168.1.1,192.168.1.100,TCP,512
2025-04-20 21:17:30,192.168.1.1,192.168.1.100,TCP,512
2025-04-20 21:17:35,192.168.1.1,192.168.1.100,TCP,512
2025-04-20 21:17:40,192.168.1.1,192.168.1.100,TCP,512
2025-04-20 21:17:45,192.168.1.1,192.168.1.100,TCP,512
2025-04-20 21:17:50,192.168.1.1,192.168.1.100,TCP,512
2025-04-20 21:17:55,192.168.1.1,192.168.1.100,TCP,512
2025-04-20 21:18:00,192.168.1.1,192.168.1.100,TCP,512
2025-04-20 21:18:05,192.168.1.1,192.168.1.100,TCP,512
2025-04-20 21:18:10,192.168.1.1,192.168.1.100,TCP,512
2025-04-20 21:18:15,192.168.1.1,192.168.1.100,TCP,512
2025-04-20 21:26:12,192.168.1.1,192.168.1.100,TCP,512
2025-04-20 21:26:12,192.168.1.1,192.168.1.100,TCP,512
2025-04-20 21:26:17,192.168.1.1,192.168.1.100,TCP,512
2025-04-20 21:26:17,192.168.1.1,192.168.1.100,TCP,512
2025-04-20 21:26:22,192.168.1.1,192.168.1.100,TCP,512
2025-04-20 21:26:22,192.168.1.1,192.168.1.100,TCP,512
2025-04-20 21:26:27,192.168.1.1,192.168.1.100,TCP,512
2025-04-20 21:26:27,192.168.1.1,192.168.1.100,TCP,512
2025-04-20 21:26:32,192.168.1.1,192.168.1.100,TCP,512
2025-04-20 21:26:32,192.168.1.1,192.168.1.100,TCP,512
2025-04-20 21:26:37,192.168.1.1,192.168.1.100,TCP,512
2025-04-20 21:26:37,192.168.1.1,192.168.1.100,TCP,512
2025-04-20 21:26:42,192.168.1.1,192.168.1.100,TCP,512
2025-04-20 21:26:42,192.168.1.1,192.168.1.100,TCP,512
2025-04-20 21:26:47,192.168.1.1,192.168.1.100,TCP,512
2025-04-20 21:26:47,192.168.1.1,192.168.1.100,TCP,512
2025-04-20 21:26:52,192.168.1.1,192.168.1.100,TCP,512
2025-04-20 21:26:52,192.168.1.1,192.168.1.100,TCP,512
2025-04-20 21:26:57,192.168.1.1,192.168.1.100,TCP,512
2025-04-20 21:26:57,192.168.1.1,192.168.1.100,TCP,512
2025-04-20 21:27:02,192.168.1.1,192.168.1.100,TCP,512
2025-04-20 21:27:02,192.168.1.1,192.168.1.100,TCP,512
2025-04-20 21:27:07,192.168.1.1,192.168.1.100,TCP,512
2025-04-20 21:27:07,192.168.1.1,192.168.1.100,TCP,512
2025-04-20 21:30:17,192.168.1.1,192.168.1.100,TCP,512
2025-04-20 21:30:22,192.168.1.1,192.168.1.100,TCP,512
2025-04-20 21:30:27,192.168.1.1,192.168.1.100,TCP,512
2025-04-20 21:30:32,192.168.1.1,192.168.1.100,TCP,512
2025-04-20 21:30:37,192.168.1.1,192.168.1.100,TCP,512
2025-04-20 21:30:42,192.168.1.1,192.168.1.100,TCP,512
2025-04-20 21:30:47,192.168.1.1,192.168.1.100,TCP,512
2025-04-20 21:30:52,192.168.1.1,192.168.1.100,TCP,512
2025-04-20 21:30:57,192.168.1.1,192.168.1.100,TCP,512
2025-04-20 21:31:02,192.168.1.1,192.168.1.100,TCP,512
2025-04-20 21:31:07,192.168.1.1,192.168.1.100,TCP,512
2025-04-20 21:31:12,192.168.1.1,192.168.1.100,TCP,512
2025-04-20 21:33:31,192.168.1.1,192.168.1.100,TCP,512
2025-04-20 21:33:32,192.168.1.1,192.168.1.100,TCP,512
2025-04-20 21:33:36,192.168.1.1,192.168.1.100,TCP,512
2025-04-20 21:33:37,192.168.1.1,192.168.1.100,TCP,512
2025-04-20 21:33:41,192.168.1.1,192.168.1.100,TCP,512
2025-04-20 21:33:42,192.168.1.1,192.168.1.100,TCP,512
2025-04-20 21:33:46,192.168.1.1,192.168.1.100,TCP,512
2025-04-20 21:33:47,192.168.1.1,192.168.1.100,TCP,512
2025-04-20 21:33:51,192.168.1.1,192.168.1.100,TCP,512
2025-04-20 21:33:52,192.168.1.1,192.168.1.100,TCP,512
2025-04-20 21:33:56,192.168.1.1,192.168.1.100,TCP,512
2025-04-20 21:33:57,192.168.1.1,192.168.1.100,TCP,512
2025-04-20 21:54:12,192.168.1.1,192.168.1.100,TCP,512
2025-04-20 21:54:13,192.168.1.1,192.168.1.100,TCP,512
2025-04-23 01:16:33,192.168.1.1,192.168.1.100,TCP,512
2025-04-23 01:16:33,192.168.1.1,192.168.1.100,TCP,512
2025-04-23 01:16:38,192.168.1.1,192.168.1.100,TCP,512
2025-04-23 01:16:38,192.168.1.1,192.168.1.100,TCP,512
2025-04-23 01:16:43,192.168.1.1,192.168.1.100,TCP,512
2025-04-23 01:16:43,192.168.1.1,192.168.1.100,TCP,512
2025-04-23 01:16:48,192.168.1.1,192.168.1.100,TCP,512
2025-04-23 01:16:48,192.168.1.1,192.168.1.100,TCP,512
2025-04-23 01:16:53,192.168.1.1,192.168.1.100,TCP,512
2025-04-23 01:16:54,192.168.1.1,192.168.1.100,TCP,512
2025-04-23 01:16:58,192.168.1.1,192.168.1.100,TCP,512
2025-04-23 01:16:59,192.168.1.1,192.168.1.100,TCP,512
2025-04-23 01:17:03,192.168.1.1,192.168.1.100,TCP,512
2025-04-23 01:17:04,192.168.1.1,192.168.1.100,TCP,512
2025-04-23 01:17:08,192.168.1.1,192.168.1.100,TCP,512
2025-04-23 01:17:09,192.168.1.1,192.168.1.100,TCP,512
2025-04-23 01:17:13,192.168.1.1,192.168.1.100,TCP,512
2025-04-23 01:17:14,192.168.1.1,192.168.1.100,TCP,512
2025-04-23 01:17:18,192.168.1.1,192.168.1.100,TCP,512
2025-04-23 01:17:19,192.168.1.1,192.168.1.100,TCP,512
2025-04-23 01:17:23,192.168.1.1,192.168.1.100,TCP,512
2025-04-23 01:17:24,192.168.1.1,192.168.1.100,TCP,512
2025-04-23 01:17:28,192.168.1.1,192.168.1.100,TCP,512
2025-04-23 01:17:29,192.168.1.1,192.168.1.100,TCP,512
2025-04-23 02:03:59,192.168.1.1,192.168.1.100,TCP,512
2025-04-23 02:03:59,192.168.1.1,192.168.1.100,TCP,512
2025-04-23 02:04:04,192.168.1.1,192.168.1.100,TCP,512
2025-04-23 02:04:04,192.168.1.1,192.168.1.100,TCP,512
2025-04-23 02:04:09,192.168.1.1,192.168.1.100,TCP,512
2025-04-23 02:04:09,192.168.1.1,192.168.1.100,TCP,512
2025-04-23 02:04:14,192.168.1.1,192.168.1.100,TCP,512
2025-04-23 02:04:14,192.168.1.1,192.168.1.100,TCP,512
2025-04-23 02:04:19,192.168.1.1,192.168.1.100,TCP,512
2025-04-23 02:04:19,192.168.1.1,192.168.1.100,TCP,512
2025-04-23 02:04:24,192.168.1.1,192.168.1.100,TCP,512
2025-04-23 02:04:24,192.168.1.1,192.168.1.100,TCP,512
2025-04-23 02:04:29,192.168.1.1,192.168.1.100,TCP,512
2025-04-23 02:04:29,192.168.1.1,192.168.1.100,TCP,512
2025-04-23 02:04:34,192.168.1.1,192.168.1.100,TCP,512
2025-04-23 02:04:34,192.168.1.1,192.168.1.100,TCP,512
2025-04-23 02:04:39,192.168.1.1,192.168.1.100,TCP,512
2025-04-23 02:04:39,192.168.1.1,192.168.1.100,TCP,512
2025-04-23 02:04:44,192.168.1.1,192.168.1.100,TCP,512
2025-04-23 02:04:44,192.168.1.1,192.168.1.100,TCP,512
2025-04-23 02:04:49,192.168.1.1,192.168.1.100,TCP,512
2025-04-23 02:04:49,192.168.1.1,192.168.1.100,TCP,512
2025-04-23 02:04:54,192.168.1.1,192.168.1.100,TCP,512
2025-04-23 02:04:54,192.168.1.1,192.168.1.100,TCP,512
2025-04-23 02:06:02,192.168.1.1,192.168.1.100,TCP,512
2025-04-23 02:06:07,192.168.1.1,192.168.1.100,TCP,512
2025-04-23 02:06:12,192.168.1.1,192.168.1.100,TCP,512
2025-04-23 02:06:17,192.168.1.1,192.168.1.100,TCP,512
2025-04-23 02:06:22,192.168.1.1,192.168.1.100,TCP,512
2025-04-23 02:06:27,192.168.1.1,192.168.1.100,TCP,512
2025-04-23 02:06:32,192.168.1.1,192.168.1.100,TCP,512
2025-04-23 02:06:37,192.168.1.1,192.168.1.100,TCP,512
2025-04-23 02:06:42,192.168.1.1,192.168.1.100,TCP,512
2025-04-23 02:06:47,192.168.1.1,192.168.1.100,TCP,512
2025-04-23 02:06:52,192.168.1.1,192.168.1.100,TCP,512
2025-04-23 02:06:57,192.168.1.1,192.168.1.100,TCP,512
2025-04-23 02:16:02,192.168.1.1,192.168.1.100,TCP,512
2025-04-23 02:16:03,192.168.1.1,192.168.1.100,TCP,512
2025-04-23 02:16:07,192.168.1.1,192.168.1.100,TCP,512
2025-04-23 02:16:08,192.168.1.1,192.168.1.100,TCP,512
2025-04-23 02:16:12,192.168.1.1,192.168.1.100,TCP,512
2025-04-23 02:16:13,192.168.1.1,192.168.1.100,TCP,512
2025-04-23 02:16:17,192.168.1.1,192.168.1.100,TCP,512
2025-04-23 02:16:18,192.168.1.1,192.168.1.100,TCP,512
2025-04-23 02:16:22,192.168.1.1,192.168.1.100,TCP,512
2025-04-23 02:16:23,192.168.1.1,192.168.1.100,TCP,512
2025-04-23 02:16:27,192.168.1.1,192.168.1.100,TCP,512
2025-04-23 02:16:28,192.168.1.1,192.168.1.100,TCP,512
2025-04-23 02:16:32,192.168.1.1,192.168.1.100,TCP,512
2025-04-23 02:16:33,192.168.1.1,192.168.1.100,TCP,512
2025-04-23 02:16:37,192.168.1.1,192.168.1.100,TCP,512
2025-04-23 02:16:38,192.168.1.1,192.168.1.100,TCP,512
2025-04-23 02:16:42,192.168.1.1,192.168.1.100,TCP,512
2025-04-23 02:16:43,192.168.1.1,192.168.1.100,TCP,512
2025-04-23 02:16:48,192.168.1.1,192.168.1.100,TCP,512
2025-04-23 02:16:48,192.168.1.1,192.168.1.100,TCP,512
2025-04-23 02:16:53,192.168.1.1,192.168.1.100,TCP,512
2025-04-23 02:16:53,192.168.1.1,192.168.1.100,TCP,512
2025-04-23 02:16:58,192.168.1.1,192.168.1.100,TCP,512
2025-04-23 02:16:58,192.168.1.1,192.168.1.100,TCP,512
2025-04-23 02:17:49,192.168.1.1,192.168.1.100,TCP,512
2025-04-23 02:17:54,192.168.1.1,192.168.1.100,TCP,512
2025-04-23 02:17:59,192.168.1.1,192.168.1.100,TCP,512
2025-04-23 02:18:04,192.168.1.1,192.168.1.100,TCP,512
2025-04-23 02:18:09,192.168.1.1,192.168.1.100,TCP,512
2025-04-23 02:18:14,192.168.1.1,192.168.1.100,TCP,512
2025-04-23 02:18:19,192.168.1.1,192.168.1.100,TCP,512
2025-04-23 02:18:24,192.168.1.1,192.168.1.100,TCP,512
2025-04-23 02:18:29,192.168.1.1,192.168.1.100,TCP,512
2025-04-23 02:18:34,192.168.1.1,192.168.1.100,TCP,512
2025-04-23 02:18:39,192.168.1.1,192.168.1.100,TCP,512
2025-04-23 02:18:44,192.168.1.1,192.168.1.100,TCP,512
2025-04-23 02:22:51,192.168.1.1,192.168.1.100,TCP,512
2025-04-23 02:22:56,192.168.1.1,192.168.1.100,TCP,512
2025-04-23 02:23:01,192.168.1.1,192.168.1.100,TCP,512
2025-04-23 02:23:05,192.168.1.1,192.168.1.100,TCP,512
2025-04-23 02:23:06,192.168.1.1,192.168.1.100,TCP,512
2025-04-23 02:23:10,192.168.1.1,192.168.1.100,TCP,512
2025-04-23 02:23:11,192.168.1.1,192.168.1.100,TCP,512
2025-04-23 02:23:15,192.168.1.1,192.168.1.100,TCP,512
2025-04-23 02:23:16,192.168.1.1,192.168.1.100,TCP,512
2025-04-23 02:23:20,192.168.1.1,192.168.1.100,TCP,512
2025-04-23 02:23:21,192.168.1.1,192.168.1.100,TCP,512
2025-04-23 02:23:25,192.168.1.1,192.168.1.100,TCP,512
2025-04-23 02:23:26,192.168.1.1,192.168.1.100,TCP,512
2025-04-23 02:23:30,192.168.1.1,192.168.1.100,TCP,512
2025-04-23 02:23:31,192.168.1.1,192.168.1.100,TCP,512
2025-04-23 02:23:35,192.168.1.1,192.168.1.100,TCP,512
2025-04-23 02:23:36,192.168.1.1,192.168.1.100,TCP,512
2025-04-23 02:23:41,192.168.1.1,192.168.1.100,TCP,512
2025-04-23 02:23:41,192.168.1.1,192.168.1.100,TCP,512
2025-04-23 02:23:46,192.168.1.1,192.168.1.100,TCP,512
2025-04-23 02:23:46,192.168.1.1,192.168.1.100,TCP,512
2025-04-23 02:23:51,192.168.1.1,192.168.1.100,TCP,512
2025-04-23 02:23:56,192.168.1.1,192.168.1.100,TCP,512
2025-04-23 02:24:01,192.168.1.1,192.168.1.100,TCP,512
2025-04-23 02:25:51,192.168.1.1,192.168.1.100,TCP,512
2025-04-23 02:25:52,192.168.1.1,192.168.1.100,TCP,512
2025-04-23 02:25:56,192.168.1.1,192.168.1.100,TCP,512
2025-04-23 02:25:57,192.168.1.1,192.168.1.100,TCP,512
2025-04-23 02:26:01,192.168.1.1,192.168.1.100,TCP,512
2025-04-23 02:26:02,192.168.1.1,192.168.1.100,TCP,512
2025-04-23 02:26:06,192.168.1.1,192.168.1.100,TCP,512
2025-04-23 02:26:07,192.168.1.1,192.168.1.100,TCP,512
2025-04-23 02:26:11,192.168.1.1,192.168.1.100,TCP,512
2025-04-23 02:26:13,192.168.1.1,192.168.1.100,TCP,512
2025-04-23 02:26:16,192.168.1.1,192.168.1.100,TCP,512
2025-04-23 02:26:17,192.168.1.1,192.168.1.100,TCP,512
2025-04-23 02:26:18,192.168.1.1,192.168.1.100,TCP,512
2025-04-23 02:26:21,192.168.1.1,192.168.1.100,TCP,512
2025-04-23 02:26:21,192.168.1.1,192.168.1.100,TCP,512
2025-04-23 02:26:22,192.168.1.1,192.168.1.100,TCP,512
2025-04-23 02:26:23,192.168.1.1,192.168.1.100,TCP,512
2025-04-23 02:26:26,192.168.1.1,192.168.1.100,TCP,512
2025-04-23 02:26:26,192.168.1.1,192.168.1.100,TCP,512
2025-04-23 02:26:27,192.168.1.1,192.168.1.100,TCP,512
2025-04-23 02:26:28,192.168.1.1,192.168.1.100,TCP,512
2025-04-23 02:26:31,192.168.1.1,192.168.1.100,TCP,512
2025-04-23 02:26:31,192.168.1.1,192.168.1.100,TCP,512
2025-04-23 02:26:32,192.168.1.1,192.168.1.100,TCP,512
2025-04-23 02:26:33,192.168.1.1,192.168.1.100,TCP,512
2025-04-23 02:26:36,192.168.1.1,192.168.1.100,TCP,512
2025-04-23 02:26:36,192.168.1.1,192.168.1.100,TCP,512
2025-04-23 02:26:37,192.168.1.1,192.168.1.100,TCP,512
2025-04-23 02:26:38,192.168.1.1,192.168.1.100,TCP,512
2025-04-23 02:26:39,192.168.1.1,192.168.1.100,TCP,512
2025-04-23 02:26:41,192.168.1.1,192.168.1.100,TCP,512
2025-04-23 02:26:41,192.168.1.1,192.168.1.100,TCP,512
2025-04-23 02:26:42,192.168.1.1,192.168.1.100,TCP,512
2025-04-23 02:26:43,192.168.1.1,192.168.1.100,TCP,512
2025-04-23 02:26:44,192.168.1.1,192.168.1.100,TCP,512
2025-04-23 02:26:45,192.168.1.1,192.168.1.100,TCP,512
2025-04-23 02:26:46,192.168.1.1,192.168.1.100,TCP,512
2025-04-23 02:26:46,192.168.1.1,192.168.1.100,TCP,512
2025-04-23 02:26:47,192.168.1.1,192.168.1.100,TCP,512
2025-04-23 02:26:48,192.168.1.1,192.168.1.100,TCP,512
2025-04-23 02:26:49,192.168.1.1,192.168.1.100,TCP,512
2025-04-23 02:26:50,192.168.1.1,192.168.1.100,TCP,512
2025-04-23 02:26:51,192.168.1.1,192.168.1.100,TCP,512
2025-04-23 02:26:52,192.168.1.1,192.168.1.100,TCP,512
2025-04-23 02:26:54,192.168.1.1,192.168.1.100,TCP,512
2025-04-23 02:26:55,192.168.1.1,192.168.1.100,TCP,512
2025-04-23 02:26:56,192.168.1.1,192.168.1.100,TCP,512
2025-04-23 02:26:57,192.168.1.1,192.168.1.100,TCP,512
2025-04-23 02:26:59,192.168.1.1,192.168.1.100,TCP,512
2025-04-23 02:27:00,192.168.1.1,192.168.1.100,TCP,512
2025-04-23 02:27:01,192.168.1.1,192.168.1.100,TCP,512
2025-04-23 02:27:02,192.168.1.1,192.168.1.100,TCP,512
2025-04-23 02:27:04,192.168.1.1,192.168.1.100,TCP,512
2025-04-23 02:27:05,192.168.1.1,192.168.1.100,TCP,512
2025-04-23 02:27:06,192.168.1.1,192.168.1.100,TCP,512
2025-04-23 02:27:07,192.168.1.1,192.168.1.100,TCP,512
2025-04-23 02:27:09,192.168.1.1,192.168.1.100,TCP,512
2025-04-23 02:27:10,192.168.1.1,192.168.1.100,TCP,512
2025-04-23 02:27:11,192.168.1.1,192.168.1.100,TCP,512
2025-04-23 02:27:12,192.168.1.1,192.168.1.100,TCP,512
2025-04-23 02:27:14,192.168.1.1,192.168.1.100,TCP,512
2025-04-23 02:27:15,192.168.1.1,192.168.1.100,TCP,512
2025-04-23 02:27:16,192.168.1.1,192.168.1.100,TCP,512
2025-04-23 02:27:19,192.168.1.1,192.168.1.100,TCP,512
2025-04-23 02:27:20,192.168.1.1,192.168.1.100,TCP,512
2025-04-23 02:27:24,192.168.1.1,192.168.1.100,TCP,512
2025-04-23 02:27:25,192.168.1.1,192.168.1.100,TCP,512
2025-04-23 02:27:29,192.168.1.1,192.168.1.100,TCP,512
2025-04-23 02:27:30,192.168.1.1,192.168.1.100,TCP,512
2025-04-23 02:27:34,192.168.1.1,192.168.1.100,TCP,512
2025-04-23 02:27:35,192.168.1.1,192.168.1.100,TCP,512
2025-04-23 02:27:40,192.168.1.1,192.168.1.100,TCP,512
2025-04-23 02:50:08,192.168.1.1,192.168.1.100,TCP,512
2025-04-23 02:50:09,192.168.1.1,192.168.1.100,TCP,512
2025-04-23 02:50:13,192.168.1.1,192.168.1.100,TCP,512
2025-04-23 02:50:14,192.168.1.1,192.168.1.100,TCP,512
2025-04-23 02:50:18,192.168.1.1,192.168.1.100,TCP,512
2025-04-23 02:50:18,192.168.1.1,192.168.1.100,TCP,512
2025-04-23 02:50:19,192.168.1.1,192.168.1.100,TCP,512
2025-04-23 02:50:23,192.168.1.1,192.168.1.100,TCP,512
2025-04-23 02:50:23,192.168.1.1,192.168.1.100,TCP,512
2025-04-23 02:50:24,192.168.1.1,192.168.1.100,TCP,512
2025-04-23 02:50:28,192.168.1.1,192.168.1.100,TCP,512
2025-04-23 02:50:29,192.168.1.1,192.168.1.100,TCP,512
2025-04-23 02:50:29,192.168.1.1,192.168.1.100,TCP,512
2025-04-23 02:50:33,192.168.1.1,192.168.1.100,TCP,512
2025-04-23 02:50:34,192.168.1.1,192.168.1.100,TCP,512
2025-04-23 02:50:34,192.168.1.1,192.168.1.100,TCP,512
2025-04-23 02:50:38,192.168.1.1,192.168.1.100,TCP,512
2025-04-23 02:50:39,192.168.1.1,192.168.1.100,TCP,512
2025-04-23 02:50:39,192.168.1.1,192.168.1.100,TCP,512
2025-04-23 02:50:43,192.168.1.1,192.168.1.100,TCP,512
2025-04-23 02:50:44,192.168.1.1,192.168.1.100,TCP,512
2025-04-23 02:50:44,192.168.1.1,192.168.1.100,TCP,512
2025-04-23 02:50:48,192.168.1.1,192.168.1.100,TCP,512
2025-04-23 02:50:49,192.168.1.1,192.168.1.100,TCP,512
2025-04-23 02:50:49,192.168.1.1,192.168.1.100,TCP,512
2025-04-23 02:50:54,192.168.1.1,192.168.1.100,TCP,512
2025-04-23 02:50:54,192.168.1.1,192.168.1.100,TCP,512
2025-04-23 02:50:54,192.168.1.1,192.168.1.100,TCP,512
2025-04-23 02:50:59,192.168.1.1,192.168.1.100,TCP,512
2025-04-23 02:50:59,192.168.1.1,192.168.1.100,TCP,512
2025-04-23 02:50:59,192.168.1.1,192.168.1.100,TCP,512
2025-04-23 02:51:04,192.168.1.1,192.168.1.100,TCP,512
2025-04-23 02:51:04,192.168.1.1,192.168.1.100,TCP,512
2025-04-23 02:51:04,192.168.1.1,192.168.1.100,TCP,512
2025-04-23 02:51:09,192.168.1.1,192.168.1.100,TCP,512
2025-04-23 02:51:14,192.168.1.1,192.168.1.100,TCP,512
2025-04-23 02:52:43,192.168.1.1,192.168.1.100,TCP,512
2025-04-23 02:52:46,192.168.1.1,192.168.1.100,TCP,512
2025-04-23 02:52:48,192.168.1.1,192.168.1.100,TCP,512
2025-04-23 02:52:51,192.168.1.1,192.168.1.100,TCP,512
2025-04-23 02:52:53,192.168.1.1,192.168.1.100,TCP,512
2025-04-23 02:52:56,192.168.1.1,192.168.1.100,TCP,512
2025-04-23 02:52:58,192.168.1.1,192.168.1.100,TCP,512
2025-04-23 02:53:01,192.168.1.1,192.168.1.100,TCP,512
2025-04-23 02:53:03,192.168.1.1,192.168.1.100,TCP,512
2025-04-23 02:53:06,192.168.1.1,192.168.1.100,TCP,512
2025-04-23 02:53:08,192.168.1.1,192.168.1.100,TCP,512
2025-04-23 02:53:11,192.168.1.1,192.168.1.100,TCP,512
2025-04-23 02:53:13,192.168.1.1,192.168.1.100,TCP,512
2025-04-23 02:53:14,192.168.1.1,192.168.1.100,TCP,512
2025-04-23 02:53:16,192.168.1.1,192.168.1.100,TCP,512
2025-04-23 02:53:18,192.168.1.1,192.168.1.100,TCP,512
2025-04-23 02:53:19,192.168.1.1,192.168.1.100,TCP,512
2025-04-23 02:53:21,192.168.1.1,192.168.1.100,TCP,512
2025-04-23 02:53:23,192.168.1.1,192.168.1.100,TCP,512
2025-04-23 02:53:24,192.168.1.1,192.168.1.100,TCP,512
2025-04-23 02:53:26,192.168.1.1,192.168.1.100,TCP,512
2025-04-23 02:53:28,192.168.1.1,192.168.1.100,TCP,512
2025-04-23 02:53:29,192.168.1.1,192.168.1.100,TCP,512
2025-04-23 02:53:31,192.168.1.1,192.168.1.100,TCP,512
2025-04-23 02:53:33,192.168.1.1,192.168.1.100,TCP,512
2025-04-23 02:53:34,192.168.1.1,192.168.1.100,TCP,512
2025-04-23 02:53:36,192.168.1.1,192.168.1.100,TCP,512
2025-04-23 02:53:38,192.168.1.1,192.168.1.100,TCP,512
2025-04-23 02:53:39,192.168.1.1,192.168.1.100,TCP,512
2025-04-23 02:53:41,192.168.1.1,192.168.1.100,TCP,512
2025-04-23 02:53:44,192.168.1.1,192.168.1.100,TCP,512
2025-04-23 02:53:46,192.168.1.1,192.168.1.100,TCP,512
2025-04-23 02:53:48,192.168.1.1,192.168.1.100,TCP,512
2025-04-23 02:53:49,192.168.1.1,192.168.1.100,TCP,512
2025-04-23 02:53:51,192.168.1.1,192.168.1.100,TCP,512
2025-04-23 02:53:53,192.168.1.1,192.168.1.100,TCP,512
2025-04-23 02:53:54,192.168.1.1,192.168.1.100,TCP,512
2025-04-23 02:53:56,192.168.1.1,192.168.1.100,TCP,512
2025-04-23 02:53:58,192.168.1.1,192.168.1.100,TCP,512
2025-04-23 02:53:59,192.168.1.1,192.168.1.100,TCP,512
2025-04-23 02:54:01,192.168.1.1,192.168.1.100,TCP,512
2025-04-23 02:54:03,192.168.1.1,192.168.1.100,TCP,512
2025-04-23 02:54:04,192.168.1.1,192.168.1.100,TCP,512
2025-04-23 02:54:06,192.168.1.1,192.168.1.100,TCP,512
2025-04-23 02:54:08,192.168.1.1,192.168.1.100,TCP,512
2025-04-23 02:54:09,192.168.1.1,192.168.1.100,TCP,512
2025-04-23 02:54:11,192.168.1.1,192.168.1.100,TCP,512
2025-04-23 02:54:13,192.168.1.1,192.168.1.100,TCP,512
2025-04-23 02:54:14,192.168.1.1,192.168.1.100,TCP,512
2025-04-23 02:54:16,192.168.1.1,192.168.1.100,TCP,512
2025-04-23 02:54:18,192.168.1.1,192.168.1.100,TCP,512
2025-04-23 02:54:19,192.168.1.1,192.168.1.100,TCP,512
2025-04-23 02:54:21,192.168.1.1,192.168.1.100,TCP,512
2025-04-23 02:54:21,192.168.1.1,192.168.1.100,TCP,512
2025-04-23 02:54:23,192.168.1.1,192.168.1.100,TCP,512
2025-04-23 02:54:24,192.168.1.1,192.168.1.100,TCP,512
2025-04-23 02:54:26,192.168.1.1,192.168.1.100,TCP,512
2025-04-23 02:54:26,192.168.1.1,192.168.1.100,TCP,512
2025-04-23 02:54:28,192.168.1.1,192.168.1.100,TCP,512
2025-04-23 02:54:29,192.168.1.1,192.168.1.100,TCP,512
2025-04-23 02:54:31,192.168.1.1,192.168.1.100,TCP,512
2025-04-23 02:54:31,192.168.1.1,192.168.1.100,TCP,512
2025-04-23 02:54:32,192.168.1.1,192.168.1.100,TCP,512
2025-04-23 02:54:33,192.168.1.1,192.168.1.100,TCP,512
2025-04-23 02:54:34,192.168.1.1,192.168.1.100,TCP,512
2025-04-23 02:54:36,192.168.1.1,192.168.1.100,TCP,512
2025-04-23 02:54:36,192.168.1.1,192.168.1.100,TCP,512
2025-04-23 02:54:37,192.168.1.1,192.168.1.100,TCP,512
2025-04-23 02:54:38,192.168.1.1,192.168.1.100,TCP,512
2025-04-23 02:54:39,192.168.1.1,192.168.1.100,TCP,512
2025-04-23 02:54:41,192.168.1.1,192.168.1.100,TCP,512
2025-04-23 02:54:41,192.168.1.1,192.168.1.100,TCP,512
2025-04-23 02:54:42,192.168.1.1,192.168.1.100,TCP,512
2025-04-23 02:54:43,192.168.1.1,192.168.1.100,TCP,512
2025-04-23 02:54:44,192.168.1.1,192.168.1.100,TCP,512
2025-04-23 02:54:46,192.168.1.1,192.168.1.100,TCP,512
2025-04-23 02:54:47,192.168.1.1,192.168.1.100,TCP,512
2025-04-23 02:54:49,192.168.1.1,192.168.1.100,TCP,512
2025-04-23 02:54:51,192.168.1.1,192.168.1.100,TCP,512
2025-04-23 02:54:52,192.168.1.1,192.168.1.100,TCP,512
2025-04-23 02:54:54,192.168.1.1,192.168.1.100,TCP,512
2025-04-23 02:54:56,192.168.1.1,192.168.1.100,TCP,512
2025-04-23 02:54:57,192.168.1.1,192.168.1.100,TCP,512
2025-04-23 02:54:59,192.168.1.1,192.168.1.100,TCP,512
2025-04-23 02:55:01,192.168.1.1,192.168.1.100,TCP,512
2025-04-23 02:55:02,192.168.1.1,192.168.1.100,TCP,512
2025-04-23 02:55:04,192.168.1.1,192.168.1.100,TCP,512
2025-04-23 02:55:06,192.168.1.1,192.168.1.100,TCP,512
2025-04-23 02:55:07,192.168.1.1,192.168.1.100,TCP,512
2025-04-23 02:55:09,192.168.1.1,192.168.1.100,TCP,512
2025-04-23 02:55:11,192.168.1.1,192.168.1.100,TCP,512
2025-04-23 02:55:12,192.168.1.1,192.168.1.100,TCP,512
2025-04-23 02:55:16,192.168.1.1,192.168.1.100,TCP,512
2025-04-23 02:55:17,192.168.1.1,192.168.1.100,TCP,512
2025-04-23 02:55:22,192.168.1.1,192.168.1.100,TCP,512
2025-04-23 02:55:27,192.168.1.1,192.168.1.100,TCP,512
2025-04-23 03:03:00,192.168.1.1,192.168.1.100,TCP,512
2025-04-23 03:03:05,192.168.1.1,192.168.1.100,TCP,512
2025-04-23 03:03:10,192.168.1.1,192.168.1.100,TCP,512
2025-04-23 03:03:10,192.168.1.1,192.168.1.100,TCP,512
2025-04-23 03:03:15,192.168.1.1,192.168.1.100,TCP,512
2025-04-23 03:03:15,192.168.1.1,192.168.1.100,TCP,512
2025-04-23 03:03:20,192.168.1.1,192.168.1.100,TCP,512
2025-04-23 03:03:20,192.168.1.1,192.168.1.100,TCP,512
2025-04-23 03:03:25,192.168.1.1,192.168.1.100,TCP,512
2025-04-23 03:03:25,192.168.1.1,192.168.1.100,TCP,512
2025-04-23 03:03:30,192.168.1.1,192.168.1.100,TCP,512
2025-04-23 03:03:30,192.168.1.1,192.168.1.100,TCP,512
2025-04-23 03:03:35,192.168.1.1,192.168.1.100,TCP,512
2025-04-23 03:03:35,192.168.1.1,192.168.1.100,TCP,512
2025-04-23 03:03:40,192.168.1.1,192.168.1.100,TCP,512
2025-04-23 03:03:40,192.168.1.1,192.168.1.100,TCP,512
2025-04-23 03:03:45,192.168.1.1,192.168.1.100,TCP,512
2025-04-23 03:03:46,192.168.1.1,192.168.1.100,TCP,512
2025-04-23 03:03:50,192.168.1.1,192.168.1.100,TCP,512
2025-04-23 03:03:51,192.168.1.1,192.168.1.100,TCP,512
2025-04-23 03:03:55,192.168.1.1,192.168.1.100,TCP,512
2025-04-23 03:03:56,192.168.1.1,192.168.1.100,TCP,512
2025-04-23 03:04:00,192.168.1.1,192.168.1.100,TCP,512
2025-04-23 03:04:05,192.168.1.1,192.168.1.100,TCP,512
